INSERT INTO `category` (`id`, `category_name`, `description`, `created_at`, `created_by`, `updated_at`, `updated_by`) VALUES ('1', 'Vegetables', 'Naturally grown fresh vegetables.', '2019-11-21 09:22:48', '1', '2019-11-21 09:22:48', '1');
INSERT INTO `category` (`id`, `category_name`, `description`, `created_at`, `created_by`, `updated_at`, `updated_by`) VALUES ('2', 'Grains', 'Naturally grown cereals and pulses.', '2019-11-21 09:22:48', '1', '2019-11-21 09:22:48', '1');
INSERT INTO `category` (`id`, `category_name`, `description`, `created_at`, `created_by`, `updated_at`, `updated_by`) VALUES ('3', 'Others', 'Naturally grown products.', '2019-11-21 09:23:46', '1', '2019-11-21 09:23:46', '1');

INSERT INTO `product_units` (`id`, `unit_type`, `unit_quantity`, `created_at`, `created_by`, `updated_at`, `updated_by`) VALUES ('1', 'Grams', '100', '2019-11-21 09:32:40', '1', '2019-11-21 09:32:40', '1');
INSERT INTO `product_units` (`id`, `unit_type`, `unit_quantity`, `created_at`, `created_by`, `updated_at`, `updated_by`) VALUES ('2', 'Grams', '200', '2019-11-21 09:32:40', '1', '2019-11-21 09:32:40', '1');
INSERT INTO `product_units` (`id`, `unit_type`, `unit_quantity`, `created_at`, `created_by`, `updated_at`, `updated_by`) VALUES ('3', 'Grams', '250', '2019-11-21 09:32:40', '1', '2019-11-21 09:32:40', '1');
INSERT INTO `product_units` (`id`, `unit_type`, `unit_quantity`, `created_at`, `created_by`, `updated_at`, `updated_by`) VALUES ('4', 'Grams', '500', '2019-11-21 09:32:40', '1', '2019-11-21 09:32:40', '1');
INSERT INTO `product_units` (`id`, `unit_type`, `unit_quantity`, `created_at`, `created_by`, `updated_at`, `updated_by`) VALUES ('5', 'Grams', '750', '2019-11-21 09:32:40', '1', '2019-11-21 09:32:40', '1');
INSERT INTO `product_units` (`id`, `unit_type`, `unit_quantity`, `created_at`, `created_by`, `updated_at`, `updated_by`) VALUES ('6', 'KG', '1', '2019-11-21 09:32:40', '1', '2019-11-21 09:32:40', '1');
INSERT INTO `product_units` (`id`, `unit_type`, `unit_quantity`, `created_at`, `created_by`, `updated_at`, `updated_by`) VALUES ('7', 'KGs', '2', '2019-11-21 09:32:40', '1', '2019-11-21 09:32:40', '1');
INSERT INTO `product_units` (`id`, `unit_type`, `unit_quantity`, `created_at`, `created_by`, `updated_at`, `updated_by`) VALUES ('8', 'KGs', '5', '2019-11-21 09:32:40', '1', '2019-11-21 09:32:40', '1');
INSERT INTO `product_units` (`id`, `unit_type`, `unit_quantity`, `created_at`, `created_by`, `updated_at`, `updated_by`) VALUES ('9', 'KGs', '10', '2019-11-21 09:32:40', '1', '2019-11-21 09:32:40', '1');
INSERT INTO `product_units` (`id`, `unit_type`, `unit_quantity`, `created_at`, `created_by`, `updated_at`, `updated_by`) VALUES ('10', 'KGs', '25', '2019-11-21 09:32:40', '1', '2019-11-21 09:32:40', '1');
INSERT INTO `product_units` (`id`, `unit_type`, `unit_quantity`, `created_at`, `created_by`, `updated_at`, `updated_by`) VALUES ('11', 'Nos', '1', '2019-11-21 09:32:40', '1', '2019-11-21 09:32:40', '1');
INSERT INTO `product_units` (`id`, `unit_type`, `unit_quantity`, `created_at`, `created_by`, `updated_at`, `updated_by`) VALUES ('12', 'Nos', '2', '2019-11-21 09:32:40', '1', '2019-11-21 09:32:40', '1');
INSERT INTO `product_units` (`id`, `unit_type`, `unit_quantity`, `created_at`, `created_by`, `updated_at`, `updated_by`) VALUES ('13', 'Nos', '3', '2019-11-21 09:32:40', '1', '2019-11-21 09:32:40', '1');
INSERT INTO `product_units` (`id`, `unit_type`, `unit_quantity`, `created_at`, `created_by`, `updated_at`, `updated_by`) VALUES ('14', 'Nos', '4', '2019-11-21 09:32:40', '1', '2019-11-21 09:32:40', '1');
INSERT INTO `product_units` (`id`, `unit_type`, `unit_quantity`, `created_at`, `created_by`, `updated_at`, `updated_by`) VALUES ('15', 'Nos', '5', '2019-11-21 09:32:40', '1', '2019-11-21 09:32:40', '1');
INSERT INTO `product_units` (`id`, `unit_type`, `unit_quantity`, `created_at`, `created_by`, `updated_at`, `updated_by`) VALUES ('16', 'Nos', '6', '2019-11-21 09:32:40', '1', '2019-11-21 09:32:40', '1');
INSERT INTO `product_units` (`id`, `unit_type`, `unit_quantity`, `created_at`, `created_by`, `updated_at`, `updated_by`) VALUES ('17', 'Nos', '10', '2019-11-21 09:32:40', '1', '2019-11-21 09:32:40', '1');
INSERT INTO `product_units` (`id`, `unit_type`, `unit_quantity`, `created_at`, `created_by`, `updated_at`, `updated_by`) VALUES ('18', 'Nos', '12', '2019-11-21 09:32:40', '1', '2019-11-21 09:32:40', '1');


INSERT INTO `inventory` (`id`, `total_quantity`, `unit_price`, `is_active`, `created_at`, `created_by`, `updated_at`, `updated_by`) VALUES ('1', '350', '30.00', TRUE, '2019-11-21 09:35:35', '1', '2019-11-21 09:35:35', '1');
INSERT INTO `inventory` (`id`, `total_quantity`, `unit_price`, `is_active`, `created_at`, `created_by`, `updated_at`, `updated_by`) VALUES ('2', '120', '25.00', TRUE, '2019-11-21 09:35:35', '1', '2019-11-21 09:35:35', '1');
INSERT INTO `inventory` (`id`, `total_quantity`, `unit_price`, `is_active`, `created_at`, `created_by`, `updated_at`, `updated_by`) VALUES ('3', '0', '25.00', FALSE, '2019-11-21 09:35:35', '1', '2019-11-21 09:35:35', '1');
INSERT INTO `inventory` (`id`, `total_quantity`, `unit_price`, `is_active`, `created_at`, `created_by`, `updated_at`, `updated_by`) VALUES ('4', '100', '125.00', TRUE, '2019-11-21 09:35:35', '1', '2019-11-21 09:35:35', '1');
INSERT INTO `inventory` (`id`, `total_quantity`, `unit_price`, `is_active`, `created_at`, `created_by`, `updated_at`, `updated_by`) VALUES ('5', '150', '50.00', TRUE, '2019-11-21 09:35:35', '1', '2019-11-21 09:35:35', '1');
INSERT INTO `inventory` (`id`, `total_quantity`, `unit_price`, `is_active`, `created_at`, `created_by`, `updated_at`, `updated_by`) VALUES ('6', '350', '30.00', TRUE, '2019-11-21 09:35:35', '1', '2019-11-21 09:35:35', '1');
INSERT INTO `inventory` (`id`, `total_quantity`, `unit_price`, `is_active`, `created_at`, `created_by`, `updated_at`, `updated_by`) VALUES ('7', '120', '25.00', TRUE, '2019-11-21 09:35:35', '1', '2019-11-21 09:35:35', '1');
INSERT INTO `inventory` (`id`, `total_quantity`, `unit_price`, `is_active`, `created_at`, `created_by`, `updated_at`, `updated_by`) VALUES ('8', '120', '25.00', TRUE, '2019-11-21 09:35:35', '1', '2019-11-21 09:35:35', '1');
INSERT INTO `inventory` (`id`, `total_quantity`, `unit_price`, `is_active`, `created_at`, `created_by`, `updated_at`, `updated_by`) VALUES ('9', '0', '25.00', FALSE, '2019-11-21 09:35:35', '1', '2019-11-21 09:35:35', '1');
INSERT INTO `inventory` (`id`, `total_quantity`, `unit_price`, `is_active`, `created_at`, `created_by`, `updated_at`, `updated_by`) VALUES ('10', '100', '125.00', TRUE, '2019-11-21 09:35:35', '1', '2019-11-21 09:35:35', '1');
INSERT INTO `inventory` (`id`, `total_quantity`, `unit_price`, `is_active`, `created_at`, `created_by`, `updated_at`, `updated_by`) VALUES ('11', '150', '50.00', TRUE, '2019-11-21 09:35:35', '1', '2019-11-21 09:35:35', '1');
INSERT INTO `inventory` (`id`, `total_quantity`, `unit_price`, `is_active`, `created_at`, `created_by`, `updated_at`, `updated_by`) VALUES ('12', '350', '30.00', TRUE, '2019-11-21 09:35:35', '1', '2019-11-21 09:35:35', '1');
INSERT INTO `inventory` (`id`, `total_quantity`, `unit_price`, `is_active`, `created_at`, `created_by`, `updated_at`, `updated_by`) VALUES ('13', '120', '25.00', TRUE, '2019-11-21 09:35:35', '1', '2019-11-21 09:35:35', '1');
INSERT INTO `inventory` (`id`, `total_quantity`, `unit_price`, `is_active`, `created_at`, `created_by`, `updated_at`, `updated_by`) VALUES ('14', '0', '25.00', FALSE, '2019-11-21 09:35:35', '1', '2019-11-21 09:35:35', '1');
INSERT INTO `inventory` (`id`, `total_quantity`, `unit_price`, `is_active`, `created_at`, `created_by`, `updated_at`, `updated_by`) VALUES ('15', '150', '50.00', TRUE, '2019-11-21 09:35:35', '1', '2019-11-21 09:35:35', '1');
INSERT INTO `inventory` (`id`, `total_quantity`, `unit_price`, `is_active`, `created_at`, `created_by`, `updated_at`, `updated_by`) VALUES ('16', '350', '30.00', TRUE, '2019-11-21 09:35:35', '1', '2019-11-21 09:35:35', '1');
INSERT INTO `inventory` (`id`, `total_quantity`, `unit_price`, `is_active`, `created_at`, `created_by`, `updated_at`, `updated_by`) VALUES ('17', '120', '25.00', TRUE, '2019-11-21 09:35:35', '1', '2019-11-21 09:35:35', '1');
INSERT INTO `inventory` (`id`, `total_quantity`, `unit_price`, `is_active`, `created_at`, `created_by`, `updated_at`, `updated_by`) VALUES ('18', '0', '25.00', FALSE, '2019-11-21 09:35:35', '1', '2019-11-21 09:35:35', '1');


INSERT INTO `product` (`id`, `name`, `description`, `image_url`, `category_id`, `inventory_id`, `created_at`, `created_by`, `updated_at`, `updated_by`) VALUES ('1', 'Tomato', 'Naturally grown fresh greens exclusively from our own farms.', 'vegetables/tomato.jpg', '1', '4', '2019-11-25 11:31:57', '1', '2019-11-25 11:31:57', '1');
INSERT INTO `product` (`id`, `name`, `description`, `image_url`, `category_id`, `inventory_id`, `created_at`, `created_by`, `updated_at`, `updated_by`) VALUES ('2', 'Brinjal (purple round)', 'Naturally grown fresh greens exclusively from our own farms.', 'vegetables/brinjal_purple_round.jpg', '1', '4', '2019-11-25 11:31:57', '1', '2019-11-25 11:31:57', '1');
INSERT INTO `product` (`id`, `name`, `description`, `image_url`, `category_id`, `inventory_id`, `created_at`, `created_by`, `updated_at`, `updated_by`) VALUES ('3', 'Brinjal (purple long)', 'Naturally grown fresh greens exclusively from our own farms.', 'vegetables/brinjal_purple_long.jpg', '1', '4', '2019-11-25 11:31:57', '1', '2019-11-25 11:31:57', '1');
INSERT INTO `product` (`id`, `name`, `description`, `image_url`, `category_id`, `inventory_id`, `created_at`, `created_by`, `updated_at`, `updated_by`) VALUES ('4', 'Okra', 'Naturally grown fresh greens exclusively from our own farms.', 'vegetables/okra.jpg', '1', '4', '2019-11-25 11:31:57', '1', '2019-11-25 11:31:57', '1');
INSERT INTO `product` (`id`, `name`, `description`, `image_url`, `category_id`, `inventory_id`, `created_at`, `created_by`, `updated_at`, `updated_by`) VALUES ('5', 'French Beans', 'Naturally grown fresh greens exclusively from our own farms.', 'vegetables/french_beans.jpg', '1', '4', '2019-11-25 11:31:57', '1', '2019-11-25 11:31:57', '1');
INSERT INTO `product` (`id`, `name`, `description`, `image_url`, `category_id`, `inventory_id`, `created_at`, `created_by`, `updated_at`, `updated_by`) VALUES ('6', 'Cluster beans/Gokarakaya', 'Naturally grown fresh greens exclusively from our own farms.', 'vegetables/cluster_beans.jpg', '1', '4', '2019-11-25 11:31:57', '1', '2019-11-25 11:31:57', '1');
INSERT INTO `product` (`id`, `name`, `description`, `image_url`, `category_id`, `inventory_id`, `created_at`, `created_by`, `updated_at`, `updated_by`) VALUES ('7', 'Radish', 'Naturally grown fresh greens exclusively from our own farms.', 'vegetables/radish.jpg', '1', '4', '2019-11-25 11:31:57', '1', '2019-11-25 11:31:57', '1');
INSERT INTO `product` (`id`, `name`, `description`, `image_url`, `category_id`, `inventory_id`, `created_at`, `created_by`, `updated_at`, `updated_by`) VALUES ('8', 'Carrot', 'Naturally grown fresh greens exclusively from our own farms.', 'vegetables/carrot.jpg', '1', '4', '2019-11-25 11:31:57', '1', '2019-11-25 11:31:57', '1');
INSERT INTO `product` (`id`, `name`, `description`, `image_url`, `category_id`, `inventory_id`, `created_at`, `created_by`, `updated_at`, `updated_by`) VALUES ('9', 'Beetroot', 'Naturally grown fresh greens exclusively from our own farms.', 'vegetables/beetroot.jpg', '1', '4', '2019-11-25 11:31:57', '1', '2019-11-25 11:31:57', '1');
INSERT INTO `product` (`id`, `name`, `description`, `image_url`, `category_id`, `inventory_id`, `created_at`, `created_by`, `updated_at`, `updated_by`) VALUES ('10', 'Chikkudu', 'Naturally grown fresh greens exclusively from our own farms.', 'vegetables/broad_beans.jpg', '1', '4', '2019-11-25 11:31:57', '1', '2019-11-25 11:31:57', '1');
INSERT INTO `product` (`id`, `name`, `description`, `image_url`, `category_id`, `inventory_id`, `created_at`, `created_by`, `updated_at`, `updated_by`) VALUES ('11', 'Bitter gourd', 'Naturally grown fresh greens exclusively from our own farms.', 'vegetables/bitter_gourd.jpg', '1', '4', '2019-11-25 11:31:57', '1', '2019-11-25 11:31:57', '1');
INSERT INTO `product` (`id`, `name`, `description`, `image_url`, `category_id`, `inventory_id`, `created_at`, `created_by`, `updated_at`, `updated_by`) VALUES ('12', 'Ridge gourd', 'Naturally grown fresh greens exclusively from our own farms.', 'vegetables/ridge_gourd.jpg', '1', '4', '2019-11-25 11:31:57', '1', '2019-11-25 11:31:57', '1');
INSERT INTO `product` (`id`, `name`, `description`, `image_url`, `category_id`, `inventory_id`, `created_at`, `created_by`, `updated_at`, `updated_by`) VALUES ('13', 'Dosa', 'Naturally grown fresh greens exclusively from our own farms.', 'vegetables/dosakaya.jpg', '1', '4', '2019-11-25 11:31:57', '1', '2019-11-25 11:31:57', '1');
INSERT INTO `product` (`id`, `name`, `description`, `image_url`, `category_id`, `inventory_id`, `created_at`, `created_by`, `updated_at`, `updated_by`) VALUES ('14', 'Cucumber', 'Naturally grown fresh greens exclusively from our own farms.', 'vegetables/cucumber.jpg', '1', '4', '2019-11-25 11:31:57', '1', '2019-11-25 11:31:57', '1');
INSERT INTO `product` (`id`, `name`, `description`, `image_url`, `category_id`, `inventory_id`, `created_at`, `created_by`, `updated_at`, `updated_by`) VALUES ('15', 'Spine gourd/Akakarakaya', 'Naturally grown fresh greens exclusively from our own farms.', 'vegetables/spine_gourd.jpg', '1', '4', '2019-11-25 11:31:57', '1', '2019-11-25 11:31:57', '1');
INSERT INTO `product` (`id`, `name`, `description`, `image_url`, `category_id`, `inventory_id`, `created_at`, `created_by`, `updated_at`, `updated_by`) VALUES ('16', 'Parwal/Budamkaya', 'Naturally grown fresh greens exclusively from our own farms.', 'vegetables/parwal.jpg', '1', '4', '2019-11-25 11:31:57', '1', '2019-11-25 11:31:57', '1');
INSERT INTO `product` (`id`, `name`, `description`, `image_url`, `category_id`, `inventory_id`, `created_at`, `created_by`, `updated_at`, `updated_by`) VALUES ('17', 'Ivy gourd/Dondakaya', 'Naturally grown fresh greens exclusively from our own farms.', 'vegetables/ivy_gourd.jpg', '1', '4', '2019-11-25 11:31:57', '1', '2019-11-25 11:31:57', '1');
INSERT INTO `product` (`id`, `name`, `description`, `image_url`, `category_id`, `inventory_id`, `created_at`, `created_by`, `updated_at`, `updated_by`) VALUES ('18', 'Cabbage', 'Naturally grown fresh greens exclusively from our own farms.', 'vegetables/cabbage.jpg', '1', '4', '2019-11-25 11:31:57', '1', '2019-11-25 11:31:57', '1');
INSERT INTO `product` (`id`, `name`, `description`, `image_url`, `category_id`, `inventory_id`, `created_at`, `created_by`, `updated_at`, `updated_by`) VALUES ('19', 'Green Chillies', 'Naturally grown fresh greens exclusively from our own farms.', 'vegetables/green_chillies.jpg', '1', '2', '2019-11-25 11:31:57', '1', '2019-11-25 11:31:57', '1');
INSERT INTO `product` (`id`, `name`, `description`, `image_url`, `category_id`, `inventory_id`, `created_at`, `created_by`, `updated_at`, `updated_by`) VALUES ('20', 'Green peas', 'Naturally grown fresh greens exclusively from our own farms.', 'vegetables/green_peas.jpg', '1', '1', '2019-11-25 11:31:57', '1', '2019-11-25 11:31:57', '1');
INSERT INTO `product` (`id`, `name`, `description`, `image_url`, `category_id`, `inventory_id`, `created_at`, `created_by`, `updated_at`, `updated_by`) VALUES ('21', 'Cauliflower', 'Naturally grown fresh greens exclusively from our own farms.', 'vegetables/cauliflower.jpg', '1', '11', '2019-11-25 11:31:57', '1', '2019-11-25 11:31:57', '1');
INSERT INTO `product` (`id`, `name`, `description`, `image_url`, `category_id`, `inventory_id`, `created_at`, `created_by`, `updated_at`, `updated_by`) VALUES ('22', 'Pumpkin', 'Naturally grown fresh greens exclusively from our own farms.', 'vegetables/pumpkin.jpg', '1', '11', '2019-11-25 11:31:57', '1', '2019-11-25 11:31:57', '1');
INSERT INTO `product` (`id`, `name`, `description`, `image_url`, `category_id`, `inventory_id`, `created_at`, `created_by`, `updated_at`, `updated_by`) VALUES ('23', 'Ash gourd', 'Naturally grown fresh greens exclusively from our own farms.', 'vegetables/ash_gourd.jpg', '1', '11', '2019-11-25 11:31:57', '1', '2019-11-25 11:31:57', '1');
INSERT INTO `product` (`id`, `name`, `description`, `image_url`, `category_id`, `inventory_id`, `created_at`, `created_by`, `updated_at`, `updated_by`) VALUES ('24', 'Snake gourd (long)', 'Naturally grown fresh greens exclusively from our own farms.', 'vegetables/snake_gourd_long.jpg', '1', '11', '2019-11-25 11:31:58', '1', '2019-11-25 11:31:58', '1');
INSERT INTO `product` (`id`, `name`, `description`, `image_url`, `category_id`, `inventory_id`, `created_at`, `created_by`, `updated_at`, `updated_by`) VALUES ('25', 'Bottle gourd (round)', 'Naturally grown fresh greens exclusively from our own farms.', 'vegetables/bottle_gourd_round.jpg', '1', '11', '2019-11-25 11:31:58', '1', '2019-11-25 11:31:58', '1');
INSERT INTO `product` (`id`, `name`, `description`, `image_url`, `category_id`, `inventory_id`, `created_at`, `created_by`, `updated_at`, `updated_by`) VALUES ('26', 'Bottle gourd (long)', 'Naturally grown fresh greens exclusively from our own farms.', 'vegetables/bottle_gourd_long.jpg', '1', '11', '2019-11-25 11:31:58', '1', '2019-11-25 11:31:58', '1');
INSERT INTO `product` (`id`, `name`, `description`, `image_url`, `category_id`, `inventory_id`, `created_at`, `created_by`, `updated_at`, `updated_by`) VALUES ('27', 'Snake gourd (short)', 'Naturally grown fresh greens exclusively from our own farms.', 'vegetables/snake_gourd_short.jpg', '1', '12', '2019-11-25 11:31:58', '1', '2019-11-25 11:31:58', '1');
INSERT INTO `product` (`id`, `name`, `description`, `image_url`, `category_id`, `inventory_id`, `created_at`, `created_by`, `updated_at`, `updated_by`) VALUES ('28', 'Raw Banana', 'Naturally grown fresh greens exclusively from our own farms.', 'vegetables/raw_banana.jpg', '1', '13', '2019-11-25 11:31:58', '1', '2019-11-25 11:31:58', '1');
INSERT INTO `product` (`id`, `name`, `description`, `image_url`, `category_id`, `inventory_id`, `created_at`, `created_by`, `updated_at`, `updated_by`) VALUES ('29', 'Drumsticks/Munagakaya', 'Naturally grown fresh greens exclusively from our own farms.', 'vegetables/drum_sticks.jpg', '1', '13', '2019-11-25 11:31:58', '1', '2019-11-25 11:31:58', '1');
INSERT INTO `product` (`id`, `name`, `description`, `image_url`, `category_id`, `inventory_id`, `created_at`, `created_by`, `updated_at`, `updated_by`) VALUES ('30', 'Lemon', 'Naturally grown fresh greens exclusively from our own farms.', 'vegetables/lemon.jpg', '1', '13', '2019-11-25 11:31:58', '1', '2019-11-25 11:31:58', '1');
INSERT INTO `product` (`id`, `name`, `description`, `image_url`, `category_id`, `inventory_id`, `created_at`, `created_by`, `updated_at`, `updated_by`) VALUES ('31', 'Pudina', 'Naturally grown fresh greens exclusively from our own farms.', 'vegetables/pudina.jpg', '1', '13', '2019-11-25 11:31:58', '1', '2019-11-25 11:31:58', '1');
INSERT INTO `product` (`id`, `name`, `description`, `image_url`, `category_id`, `inventory_id`, `created_at`, `created_by`, `updated_at`, `updated_by`) VALUES ('32', 'Corriandar/Kothimeera', 'Naturally grown fresh greens exclusively from our own farms.', 'vegetables/corriandar.jpg', '1', '13', '2019-11-25 11:31:58', '1', '2019-11-25 11:31:58', '1');
INSERT INTO `product` (`id`, `name`, `description`, `image_url`, `category_id`, `inventory_id`, `created_at`, `created_by`, `updated_at`, `updated_by`) VALUES ('33', 'Kenaf/Gongura', 'Naturally grown fresh greens exclusively from our own farms.', 'vegetables/kenaf.jpg', '1', '13', '2019-11-25 11:31:58', '1', '2019-11-25 11:31:58', '1');
INSERT INTO `product` (`id`, `name`, `description`, `image_url`, `category_id`, `inventory_id`, `created_at`, `created_by`, `updated_at`, `updated_by`) VALUES ('34', 'Spinach/Palakura', 'Naturally grown fresh greens exclusively from our own farms.', 'vegetables/spinach.jpg', '1', '13', '2019-11-25 11:31:58', '1', '2019-11-25 11:31:58', '1');
INSERT INTO `product` (`id`, `name`, `description`, `image_url`, `category_id`, `inventory_id`, `created_at`, `created_by`, `updated_at`, `updated_by`) VALUES ('35', 'Malabar Spinach/Bachali', 'Naturally grown fresh greens exclusively from our own farms.', 'vegetables/malabar_spinach.jpg', '1', '13', '2019-11-25 11:31:58', '1', '2019-11-25 11:31:58', '1');
INSERT INTO `product` (`id`, `name`, `description`, `image_url`, `category_id`, `inventory_id`, `created_at`, `created_by`, `updated_at`, `updated_by`) VALUES ('36', 'Methi/Menthi', 'Naturally grown fresh greens exclusively from our own farms.', 'vegetables/methi.jpg', '1', '13', '2019-11-25 11:31:58', '1', '2019-11-25 11:31:58', '1');
INSERT INTO `product` (`id`, `name`, `description`, `image_url`, `category_id`, `inventory_id`, `created_at`, `created_by`, `updated_at`, `updated_by`) VALUES ('37', 'Curry Leaves/Karivepaku', 'Naturally grown fresh greens exclusively from our own farms.', 'vegetables/curry_leaves.jpg', '1', '13', '2019-11-25 11:31:58', '1', '2019-11-25 11:31:58', '1');
INSERT INTO `product` (`id`, `name`, `description`, `image_url`, `category_id`, `inventory_id`, `created_at`, `created_by`, `updated_at`, `updated_by`) VALUES ('38', 'Moringa Leaves/Munagaku', 'Naturally grown fresh greens exclusively from our own farms.', 'vegetables/moringa_leaves.jpg', '1', '1', '2019-11-25 11:31:58', '1', '2019-11-25 11:31:58', '1');
INSERT INTO `product` (`id`, `name`, `description`, `image_url`, `category_id`, `inventory_id`, `created_at`, `created_by`, `updated_at`, `updated_by`) VALUES ('39', 'Toor dal', 'Naturally grown pulses exclusively from our own farms.', 'grains/toor_dal.jpg', '2', '4', '2019-11-25 11:34:19', '1', '2019-11-25 11:34:19', '1');
INSERT INTO `product` (`id`, `name`, `description`, `image_url`, `category_id`, `inventory_id`, `created_at`, `created_by`, `updated_at`, `updated_by`) VALUES ('40', 'Mung dal', 'Naturally grown pulses exclusively from our own farms.', 'grains/mung_dal.jpg', '2', '4', '2019-11-25 11:34:19', '1', '2019-11-25 11:34:19', '1');
INSERT INTO `product` (`id`, `name`, `description`, `image_url`, `category_id`, `inventory_id`, `created_at`, `created_by`, `updated_at`, `updated_by`) VALUES ('41', 'Urad dal', 'Naturally grown pulses exclusively from our own farms.', 'grains/urad_dal.jpg', '2', '4', '2019-11-25 11:34:19', '1', '2019-11-25 11:34:19', '1');
INSERT INTO `product` (`id`, `name`, `description`, `image_url`, `category_id`, `inventory_id`, `created_at`, `created_by`, `updated_at`, `updated_by`) VALUES ('42', 'Chana dal/Shanaga pappu', 'Naturally grown pulses exclusively from our own farms.', 'grains/chana_dal.jpg', '2', '4', '2019-11-25 11:34:19', '1', '2019-11-25 11:34:19', '1');
INSERT INTO `product` (`id`, `name`, `description`, `image_url`, `category_id`, `inventory_id`, `created_at`, `created_by`, `updated_at`, `updated_by`) VALUES ('43', 'Green gram', 'Naturally grown pulses exclusively from our own farms.', 'grains/green_gram.jpg', '2', '4', '2019-11-25 11:34:19', '1', '2019-11-25 11:34:19', '1');
INSERT INTO `product` (`id`, `name`, `description`, `image_url`, `category_id`, `inventory_id`, `created_at`, `created_by`, `updated_at`, `updated_by`) VALUES ('44', 'Kala chana/Shanagalu', 'Naturally grown pulses exclusively from our own farms.', 'grains/bengal_gram.jpg', '2', '4', '2019-11-25 11:34:19', '1', '2019-11-25 11:34:19', '1');
INSERT INTO `product` (`id`, `name`, `description`, `image_url`, `category_id`, `inventory_id`, `created_at`, `created_by`, `updated_at`, `updated_by`) VALUES ('45', 'Cow pea/Bobbarlu (white)', 'Naturally grown pulses exclusively from our own farms.', 'grains/cow_pea_white.jpg', '2', '4', '2019-11-25 11:34:19', '1', '2019-11-25 11:34:19', '1');
INSERT INTO `product` (`id`, `name`, `description`, `image_url`, `category_id`, `inventory_id`, `created_at`, `created_by`, `updated_at`, `updated_by`) VALUES ('46', 'Cow pea/Bobbarlu (black)', 'Naturally grown pulses exclusively from our own farms.', 'grains/cow_pea_black.jpg', '2', '4', '2019-11-25 11:34:19', '1', '2019-11-25 11:34:19', '1');
INSERT INTO `product` (`id`, `name`, `description`, `image_url`, `category_id`, `inventory_id`, `created_at`, `created_by`, `updated_at`, `updated_by`) VALUES ('47', 'Sona masuri Rice (white)', 'Naturally grown rice exclusively from our own farms.', 'grains/sona_masuri_white.jpg', '2', '6', '2019-11-25 11:34:19', '1', '2019-11-25 11:34:19', '1');
INSERT INTO `product` (`id`, `name`, `description`, `image_url`, `category_id`, `inventory_id`, `created_at`, `created_by`, `updated_at`, `updated_by`) VALUES ('48', 'Sona masuri Rice (brown rice)', 'Naturally grown rice exclusively from our own farms.', 'grains/sona_masuri_brown.jpg', '2', '6', '2019-11-25 11:34:19', '1', '2019-11-25 11:34:19', '1');
INSERT INTO `product` (`id`, `name`, `description`, `image_url`, `category_id`, `inventory_id`, `created_at`, `created_by`, `updated_at`, `updated_by`) VALUES ('49', 'Navara Rice (single polish)', 'Naturally grown rice exclusively from our own farms.', 'grains/navara_single_polish.jpg', '2', '6', '2019-11-25 11:34:19', '1', '2019-11-25 11:34:19', '1');
INSERT INTO `product` (`id`, `name`, `description`, `image_url`, `category_id`, `inventory_id`, `created_at`, `created_by`, `updated_at`, `updated_by`) VALUES ('50', 'Navara Rice (Red rice)', 'Naturally grown rice exclusively from our own farms.', 'grains/navara_red.jpg', '2', '6', '2019-11-25 11:34:19', '1', '2019-11-25 11:34:19', '1');
INSERT INTO `product` (`id`, `name`, `description`, `image_url`, `category_id`, `inventory_id`, `created_at`, `created_by`, `updated_at`, `updated_by`) VALUES ('51', 'Bahurupi Rice (single polish)', 'Naturally grown rice exclusively from our own farms.', 'grains/bahurupi_single_polish.jpg', '2', '6', '2019-11-25 11:34:19', '1', '2019-11-25 11:34:19', '1');
INSERT INTO `product` (`id`, `name`, `description`, `image_url`, `category_id`, `inventory_id`, `created_at`, `created_by`, `updated_at`, `updated_by`) VALUES ('52', 'Bahurupi Rice (brown rice)', 'Naturally grown rice exclusively from our own farms.', 'grains/bahurupi_brown.jpg', '2', '6', '2019-11-25 11:34:19', '1', '2019-11-25 11:34:19', '1');
INSERT INTO `product` (`id`, `name`, `description`, `image_url`, `category_id`, `inventory_id`, `created_at`, `created_by`, `updated_at`, `updated_by`) VALUES ('53', 'Kulakar Rice (single polish)', 'Naturally grown rice exclusively from our own farms.', 'grains/kulakar_single_polish.jpg', '2', '6', '2019-11-25 11:34:19', '1', '2019-11-25 11:34:19', '1');
INSERT INTO `product` (`id`, `name`, `description`, `image_url`, `category_id`, `inventory_id`, `created_at`, `created_by`, `updated_at`, `updated_by`) VALUES ('54', 'Kulakar Rice (brown rice)', 'Naturally grown rice exclusively from our own farms.', 'grains/kulakar_brown.jpg', '2', '6', '2019-11-25 11:34:19', '1', '2019-11-25 11:34:19', '1');
INSERT INTO `product` (`id`, `name`, `description`, `image_url`, `category_id`, `inventory_id`, `created_at`, `created_by`, `updated_at`, `updated_by`) VALUES ('55', 'Brown top millet/Andu Korralu', 'Naturally grown millets exclusively from our own farms.', 'grains/brown_top_millet.jpg', '2', '4', '2019-11-25 11:34:19', '1', '2019-11-25 11:34:19', '1');
INSERT INTO `product` (`id`, `name`, `description`, `image_url`, `category_id`, `inventory_id`, `created_at`, `created_by`, `updated_at`, `updated_by`) VALUES ('56', 'Foxtail millet/Korralu', 'Naturally grown millets exclusively from our own farms.', 'grains/foxtail_millet.jpg', '2', '4', '2019-11-25 11:34:19', '1', '2019-11-25 11:34:19', '1');
INSERT INTO `product` (`id`, `name`, `description`, `image_url`, `category_id`, `inventory_id`, `created_at`, `created_by`, `updated_at`, `updated_by`) VALUES ('57', 'Little millet/Samalu', 'Naturally grown millets exclusively from our own farms.', 'grains/little_millet.jpg', '2', '4', '2019-11-25 11:34:19', '1', '2019-11-25 11:34:19', '1');
INSERT INTO `product` (`id`, `name`, `description`, `image_url`, `category_id`, `inventory_id`, `created_at`, `created_by`, `updated_at`, `updated_by`) VALUES ('58', 'Pearl millet/Bajra/Sajjalu', 'Naturally grown millets exclusively from our own farms.', 'grains/pearl_millet.jpg', '2', '4', '2019-11-25 11:34:19', '1', '2019-11-25 11:34:19', '1');
INSERT INTO `product` (`id`, `name`, `description`, `image_url`, `category_id`, `inventory_id`, `created_at`, `created_by`, `updated_at`, `updated_by`) VALUES ('59', 'Kodo millet/Arikelu', 'Naturally grown millets exclusively from our own farms.', 'grains/kodo_millet.jpg', '2', '4', '2019-11-25 11:34:19', '1', '2019-11-25 11:34:19', '1');
INSERT INTO `product` (`id`, `name`, `description`, `image_url`, `category_id`, `inventory_id`, `created_at`, `created_by`, `updated_at`, `updated_by`) VALUES ('60', 'Barnyard millet/Udalu', 'Naturally grown millets exclusively from our own farms.', 'grains/barnyard_millet.jpg', '2', '4', '2019-11-25 11:34:19', '1', '2019-11-25 11:34:19', '1');
INSERT INTO `product` (`id`, `name`, `description`, `image_url`, `category_id`, `inventory_id`, `created_at`, `created_by`, `updated_at`, `updated_by`) VALUES ('61', 'Finger millet/Ragulu', 'Naturally grown millets exclusively from our own farms.', 'grains/finger_millet.jpg', '2', '4', '2019-11-25 11:34:19', '1', '2019-11-25 11:34:19', '1');
INSERT INTO `product` (`id`, `name`, `description`, `image_url`, `category_id`, `inventory_id`, `created_at`, `created_by`, `updated_at`, `updated_by`) VALUES ('62', 'Dry moringa powder', '', 'others/drum_sticks_powder.jpg', '3', '1', '2019-11-25 11:37:29', '1', '2019-11-25 11:37:29', '1');
INSERT INTO `product` (`id`, `name`, `description`, `image_url`, `category_id`, `inventory_id`, `created_at`, `created_by`, `updated_at`, `updated_by`) VALUES ('63', 'Dry curry leaves powder', '', 'others/curry_leaves_powder.jpg', '3', '1', '2019-11-25 11:37:29', '1', '2019-11-25 11:37:29', '1');



INSERT INTO `product_unit_price` (`created_at`, `created_by`, `id`, `is_active`, `product_id`, `product_unit_id`, `unit_price`, `updated_at`, `updated_by`) VALUES (NULL, NULL, '1', '1', '1', '1', '11', NULL, NULL);

--INSERT INTO `accounts` (`id`, `first_name`, `last_name`, `email`, `phone_number`, `created_at`, `created_by`, `updated_at`, `updated_by`) VALUES ('1', 'Super', 'Admin', 'prithvifarms@gmail.com', '9703684024', '2019-11-21 09:17:11', NULL, '2019-11-21 09:17:11', NULL);
--INSERT INTO `accounts` (`id`, `first_name`, `last_name`, `email`, `phone_number`, `created_at`, `created_by`, `updated_at`, `updated_by`) VALUES ('3', 'Kishore', 'Konda', 'kishorefx@gmail.com', '9703684024', '2019-11-21 09:19:42', '1', '2019-11-21 09:19:42', '1');
--
--INSERT INTO `account_address` (`id`, `account_id`, `address_line1`, `address_line2`, `city`, `state`, `pin_code`, `created_at`, `created_by`, `updated_at`, `updated_by`) VALUES ('1', '3', 'C/o Sha Manyu Global School', 'Aparna Hillpark Rd, KSR Enclave, Chanda Nagar', 'Hyderabad', 'Telangana', '500050', '2019-11-21 09:50:14', '1', '2019-11-21 09:50:14', '1');
